,Cumulative Return,Annualized Return,Annualized Volatility,Sharpe Ratio,Max Drawdown
0,6.689375155751438,0.29564683561882577,0.28236618760202153,1.0470334218469617,-0.303857214711058
